{"cameraMode":{"drawMode":0,"name":"Shaded","section":"Shading Mode"},"sceneLighting":true,"audioPlay":false,"sceneViewState":{"m_AlwaysRefresh":false,"showFog":true,"showSkybox":true,"showFlares":true,"showImageEffects":true,"showParticleSystems":true,"showVisualEffectGraphs":true,"m_FxEnabled":true},"in2DMode":false,"pivot":{"x":-0.9904571771621704,"y":0.6922258138656616,"z":-10.484170913696289},"rotation":{"x":-0.00004300396904000081,"y":0.9993448257446289,"z":-0.03630158305168152,"w":-0.001198222627863288},"size":10.262465476989746,"orthographic":false}