{"cameraMode":{"drawMode":0,"name":"Shaded","section":"Shading Mode"},"sceneLighting":true,"audioPlay":false,"sceneViewState":{"m_AlwaysRefresh":false,"showFog":true,"showSkybox":true,"showFlares":true,"showImageEffects":true,"showParticleSystems":true,"showVisualEffectGraphs":true,"m_FxEnabled":true},"in2DMode":false,"pivot":{"x":282.00640869140627,"y":218.2918701171875,"z":-8.389867782592774},"rotation":{"x":-0.00007082366937538609,"y":0.9999355673789978,"z":-0.009309104643762112,"w":-0.0076982188038527969},"size":324.9454040527344,"orthographic":false}